ticker;title;published;link;source
AAPL;Apple Stock Could Surge to $300: Here’s What Needs to Happen - 24/7 Wall St.;Tue, 03 Feb 2026 14:25:51 GMT;https://news.google.com/rss/articles/CBMiowFBVV95cUxOUmdmTE5sLVFvZkY2T1BsUmY3Ty1fUlJNc01aQmdnbkdLb2FvbEliTzctaGpoQlRGMlBqQ2RSYklGc0QxeWhUZWoxa20zcUViT0h3R0hCRXpNUVRsckZVUEh0Qm1ibmxvRk1PNnVXYnh2QUxWcXhaQzA4UmQtOS1zcjlXenRxTkptbHVTSERQOXFrVXVNWnlwZE00X25OaEwteVFz?oc=5;24/7 Wall St.
AAPL;AAPL Just Crossed Over a Historically Bullish Trendline - Yahoo Finance;Tue, 03 Feb 2026 20:20:51 GMT;https://news.google.com/rss/articles/CBMiiAFBVV95cUxQOFNZT0sxWXF1aDVsWEdwdWN3M1RtYVhZMlc5MEo1bklIQzBWcG9Kd05SRm1DcVRKejA1TS1qLWVYU2J4M18waXFVZnhMVHVwcW9DazVReEstSmhiR0JLZWhUNUJiTEFwRWtaczNBVEoyaEZyaE1oUDJ4SnBSdWlCLVBtNkUwRmR0?oc=5;Yahoo Finance
AAPL;What's Driving The Jump In Apple Stock? - Benzinga;Mon, 02 Feb 2026 20:11:31 GMT;https://news.google.com/rss/articles/CBMinwFBVV95cUxQT0dqQ0VpUVNnSkJiM0txd3RhXzJxZGRUTFNfUFVmNzdPSFA1UjN4QmZqU2t1WXlUMnRnZ1JQQXhRR3FXZVpuMTBVUEZBUHQxQ2YzVkRGWEhWQVYzYm8tb2F1NzVXQmV4UjlRVlJmRnU4UUlUSHNpUUk2aFVVbmtMY0JKMDV5aktXQnR1M056ZDQxRXNrU0hGc2lteENsQW8?oc=5;Benzinga
AAPL;Apple CEO sends blunt message iPhone 18 fans can’t ignore - thestreet.com;Sun, 01 Feb 2026 15:47:00 GMT;https://news.google.com/rss/articles/CBMimAFBVV95cUxOb2R0WkNCSmZPMlAzaDlWNlEwV2hTa01LbHhBNk5DeFoybzM1cmN2dnhERGFiV1NwTEJWS1h1OXpJbjd3YjhTc0NCMlNxRGswaG5NeEZQU21xNGdXbGt1U1hjVlRPWEUxXzdjQVVta0RXdmdPSGJQLU9faDRKNW9nZHJwRW0wR2xuN2NSLTh1OXBYUHlEbjZHSA?oc=5;thestreet.com
AAPL;MSFT, GOOG & AAPL Forecast – Major Tech Stocks Looking to Build on Momentum - FXEmpire;Tue, 03 Feb 2026 15:23:00 GMT;https://news.google.com/rss/articles/CBMivgFBVV95cUxON1VFUnZzWUViQlJrR3ZMMHVXcVBycE5GYW1mY3VMaTM4RWtnR1M0dElrdjlmTjRacFpFX2dDY19fdkJlOUdVa3BNNWFlbGZVZEJOcjFDMXIwdXduekFHZ1k4dUpVZ1lwNFFGZ1Nsd0ItN0JkOWpESzAyQ2s4RHI2b0d4REJUSXhRb2FjSjZuZnpCY0xidFh1Y1pJekl5Ri1mN3VnZUxzTGM2aTdDbjNTc1h2VFlRWU5FVzhia0ZB?oc=5;FXEmpire
AAPL;AAPL Hold, MSFT Buy Upgrades – Which Tech Giant Wins? - TipRanks;Mon, 02 Feb 2026 10:48:46 GMT;https://news.google.com/rss/articles/CBMihgFBVV95cUxORU0tSGhmOGRUdDJXd19ydU4tSzZ0X28ycld6M19STDlmTE5hb2YxSll5OEZOOTBJWVVEdkhpX2FpRFBobHlGN0dUVW9GSkVDVlh0dFZ3bmRrdkx0WVZMYVpQdVF6dllFdWlKZGhITGFQSmpvRUs5VUM5bE5iZE1DdFR6NngxUQ?oc=5;TipRanks
AAPL;Apple: Likely Fully Valued (NASDAQ:AAPL) - Seeking Alpha;Sun, 01 Feb 2026 11:46:55 GMT;https://news.google.com/rss/articles/CBMidEFVX3lxTFBCRDNMdE8zUE1xRzRWQ1Myc0ZZeW1aUV95dUxYdnRkU0p1Qk8zajlMZGtLNGdNUTdLUHZ3TUtsNnJpbmZoYXhuc0FPalBkVEpPYTRYRThhX1F3cEVucDhQZl9KVlhoQ01BRXIwNlZSUHBvd0d6?oc=5;Seeking Alpha
AAPL;Evercore Removes Apple (AAPL) From Tactical List after Strong Earnings - Yahoo Finance;Tue, 03 Feb 2026 06:41:00 GMT;https://news.google.com/rss/articles/CBMiigFBVV95cUxQYks4M1N1cXlfa3NTN3ZSVWFSOUZuOTBsazdldHA3YzQxZUE4MXVid2Y5cVdyTXpWSVUzR1Badzh6djVwV1BzZUE0ZFIxLWtTWDVGWi1tSEQxLVNZZWs1UmNPVHI2Rlk3SDZiNUgxeXZ5ekt2azBSWEZMZDNvWm9QMGZ0YUg2dTAtS0E?oc=5;Yahoo Finance
AAPL;Why JPMorgan Says Apple’s (AAPL) Results Should Calm Investor Nerves - Yahoo Finance;Sun, 01 Feb 2026 18:18:48 GMT;https://news.google.com/rss/articles/CBMif0FVX3lxTE1jX2JNbmFSUHdGLWUxSzUtVHpSUGM0Ni1tMUVoQkJwQWFFMGpFcUJPVjI1Wm1HdThRM1l2eEVQX0dmQVEwVUtUQXBJUmhzOTVGNzNmdjVxUFhBc2RiaTZvcFlsbEZSLVYxdHZyXzE0eTY4VXJfeXg3RHN1Z0M5dmM?oc=5;Yahoo Finance
AAPL;Beloved 50-year-old tech giant quietly raised dividends in 2026 - thestreet.com;Wed, 04 Feb 2026 00:03:00 GMT;https://news.google.com/rss/articles/CBMiugFBVV95cUxObnFxLTVvdDFNTGhHTHdvY2c2aXBjTkxDcHpqRWI0bG9VM1FyOFVxZUNMUDRiRnJoS0lpZi1BajVVdUlXT0FxRUs4RnhUU2V0Zm5lZ0x4QVJkdkp5RUdXSDdoYXlnZWZQYmFQZnNfUENzTl90VVhZWldXMXNWallmY3Q4a0dqd0FCelJWVDNGTi1ZT0prQUY2NHNQRDVDa0w3T0twdU8xU0lMR3BYZ0NyWXBoRnd5SXZ3elE?oc=5;thestreet.com
AAPL;Apple stock price today: AAPL slides as tech dips, India tax win and chip-cost jump loom - TechStock²;Tue, 03 Feb 2026 15:55:00 GMT;https://news.google.com/rss/articles/CBMiqwFBVV95cUxPM2hMY0VMTHZRblFSWEhlWmlaOEYzYWJXNEh0STJGY0dmcjFzSk95QkdKeVFaaFhldjBVZEwyNjJld1BnNzhBVlJJbHdpczdTRXJfSU5yQ3hlUDRUakRyZU5IVW5pWWI5aFBhWXRqNDF1b1Robjg2WkszQzM5QVdGNFViZnpOM2kwVkxaeW56VTc2b0RZcnRPNkI4M2lQcHExSVFzQTU1U180M1U?oc=5;TechStock²
AAPL;Apple (NASDAQ:AAPL) Stock Rating Upgraded by Phillip Securities - MarketBeat;Tue, 03 Feb 2026 13:13:10 GMT;https://news.google.com/rss/articles/CBMitAFBVV95cUxNVHBpMkJKTEdKUWdGNHFCT3AzX1N0UHhmVTVWUEt2TU5LNlpJVi1TSy1SNXlVZ1YtWFpteEVLdDNhenFOdXZXYjcwS1NOYm5rY05fbDU0NTl3R191UHYwRVQ0TXJkMTZwcmVCVWk0bGg2dE5GRkFzSkVOTnhraEN0Z1dybDlyS2VlOUd4SnlTN2NyYS1jRVRvQl9FRzQwWEwwd1V4UGc4MFEwRmloZG5xZWxnWW0?oc=5;MarketBeat
AAPL;Here's Why Apple (AAPL) is a Strong Momentum Stock - Nasdaq;Tue, 03 Feb 2026 14:50:00 GMT;https://news.google.com/rss/articles/CBMif0FVX3lxTE5OWW5rSW52TXh4blBDZGhUMUN1MExIanI2WDRvZE9LTjAySkN0blV3clkyWE9rOGJaOTR0NWxyRVV5NXRaaEZuVmNvZHZCaXdLdWoxNmU4MU5jdkUxMVk0VFZjdWhfWUNuR2JsYjNmNFhLMU13Vk5HcFRWSGY4Vzg?oc=5;Nasdaq
AAPL;Apple: Capital-Light AI Arbitrage Ignites iPhone Supercycle Alpha - Seeking Alpha;Tue, 03 Feb 2026 13:00:34 GMT;https://news.google.com/rss/articles/CBMiqAFBVV95cUxNWnVKZTZWRFZzZFl3MDJScWlmV3RWZDJ6SmxGYkFCcUJLWjRXQ1Fjdjk2MzluS2IyeXJQS1pYTlVkeXRZeDNGVzUyNmlSS2N1YlNPdWdETENUb3NuZlBIYWNIZUtfcXM4Z0hYclRjdk9kOEVKc2pOczJuQ3ZwdUlpT1FhRmpxblVweUNGMGt1UElWM1hzV2Nqd0s3WThaWE5jZTRhamFRVU8?oc=5;Seeking Alpha
AAPL;Will Apple's Explosive Growth Continue? This Often Overlooked Figure Answers the Question. - fool.com;Tue, 03 Feb 2026 23:10:00 GMT;https://news.google.com/rss/articles/CBMihwFBVV95cUxPYmxmUGlZOVF6aTdzY3JtZUViVURTMXV6d1haWTZ6XzZSaXBnTnh0RHZYMlJjcGdvQW9Jb1NjVk9SaTFTeUx1azlpS3h1M1RaMTMzMVZPVkFLT3BXRnVLUXY1ZGswb1NwUmV2ckk2aUczMFIxZmhocWZ2WXRBdTRCY1M2RGM5M2M?oc=5;fool.com
AAPL;Is Trending Stock Apple Inc. (AAPL) a Buy Now? - Yahoo Finance;Tue, 03 Feb 2026 14:00:03 GMT;https://news.google.com/rss/articles/CBMigAFBVV95cUxQRkwxUXROUzdCR2MxUkNhdVIxUWdyMy1PTTVLZ3JULWxvZlBuZGRndUt3ZjdQeGl0aTRxRDRpRDUzb3U2c2FlQzRkdnRkQVBQeEdReGV0ZVNlSkJobGgtVm5nMnEzdVB2clROZS15d0Q3bEVwcHRRUzdBRExiTnNCOA?oc=5;Yahoo Finance
AAPL;"Apple stock price jumps 4% on India tax win; AAPL dips after hours as risks linger - TechStock²";Mon, 02 Feb 2026 22:52:00 GMT;https://news.google.com/rss/articles/CBMiowFBVV95cUxQQ2c0NXV2M3NXN1RkS0lGTmFGMXFRdS1sQ2EtUm5jeEg2aU5abXQyM3RFSVllTS0zVUhWQWlxMTFsZnFLeG1yRWVYUHB2ZTZoU1poWW13aEFSUTBYVWJWQ3dBcjl2WGxDNmhOMzl0ZG5OS2NFRC1vWHdBdFduVF94VTc5VVBCMU9oTFgxdm9zaTQzUWlEb054OWUyZ2pJQXM5bGU0?oc=5;TechStock²
AAPL;Jim Cramer Reveals Why Apple (AAPL) Stock is Struggling - Yahoo Finance;Sat, 24 Jan 2026 08:00:00 GMT;https://news.google.com/rss/articles/CBMif0FVX3lxTE1SdFVoRUQ3WjRST21saXpCVkF0QzRuaHFXWE4tdy1KSTdIWWI1aHJLSE56WjljblA4ejJmQXpEQXRBS0JoazFKUmFNVlJaN1V1aUlTaXZRQUF4bFpYOFc4N2txRFFtUFlyelZET3BOVkY4UTBkdzFzRERDRmlZVDg?oc=5;Yahoo Finance
AAPL;Apple stock heads into next week with one big question: can AAPL dodge the memory-chip crunch? - TechStock²;Fri, 30 Jan 2026 21:08:00 GMT;https://news.google.com/rss/articles/CBMiswFBVV95cUxNMzc3dFo2SkhvX2FhVWEzeUZBYnBuaWZLc2J3Y2VQbkpZTko3RzlnTWphaTVnR3FoM0dkZ3Rlb3Itc3otNWFrejI3cGo5amM4bTI1aExTRzhqN1FpeE9wQ3hlWVdJZzZqODFRS2o4Sll4Z0NRMzZKeEZaOHRRd1ptWGgxbXprUE44QU90Mi10anhzXzZLQjN6VHUzMHZVXzlWWE1KaTN0am55NDJvLWxkWTlsUQ?oc=5;TechStock²
AAPL;Apple (AAPL) Stock Trades Up, Here Is Why - Yahoo Finance;Mon, 26 Jan 2026 08:00:00 GMT;https://news.google.com/rss/articles/CBMifkFVX3lxTE1DaEJza0YyM3Z3Vm51ZDdldEZTUzBNbktKVUlEZF9nVklwN2Vma2toQmdZVHRiS0tSSkR0YnIzRV9PZFR5ME9KcjR3UTRyN2lFYlhmYjdxN0JJQmE2d2lwY1hGeFgxUXNDbnRvclBuOVpFS3BIRXNFTUhjNEpWQQ?oc=5;Yahoo Finance
